{"v":"5.7.4","fr":29.9700012207031,"ip":0,"op":330.000013441176,"w":800,"h":800,"nm":"loader tender","ddd":0,"assets":[],"layers":[{"ddd":0,"ind":1,"ty":4,"nm":"Shape Layer 9","parent":4,"sr":1,"ks":{"o":{"a":1,"k":[{"i":{"x":[0],"y":[1]},"o":{"x":[0.333],"y":[0]},"t":20,"s":[0]},{"i":{"x":[0],"y":[1]},"o":{"x":[0.167],"y":[0]},"t":62,"s":[100]},{"i":{"x":[0.833],"y":[0.833]},"o":{"x":[1],"y":[0]},"t":315,"s":[100]},{"t":329.000013400445,"s":[0]}],"ix":11},"r":{"a":1,"k":[{"i":{"x":[0],"y":[1]},"o":{"x":[0.333],"y":[0]},"t":0,"s":[0]},{"i":{"x":[0],"y":[1]},"o":{"x":[0.167],"y":[0]},"t":31,"s":[0]},{"i":{"x":[0.833],"y":[1]},"o":{"x":[1],"y":[0]},"t":315,"s":[0]},{"t":329.000013400445,"s":[0]}],"ix":10},"p":{"a":1,"k":[{"i":{"x":0,"y":1},"o":{"x":0.333,"y":0},"t":0,"s":[400,730,0],"to":[0,-55,0],"ti":[0,55,0]},{"i":{"x":0,"y":0},"o":{"x":0.167,"y":0.167},"t":31,"s":[400,400,0],"to":[0,0,0],"ti":[0,0,0]},{"i":{"x":0.833,"y":0.833},"o":{"x":1,"y":0},"t":315,"s":[400,400,0],"to":[0,55,0],"ti":[0,-55,0]},{"t":329.000013400445,"s":[400,730,0]}],"ix":2,"l":2},"a":{"a":0,"k":[0,0,0],"ix":1,"l":2},"s":{"a":1,"k":[{"i":{"x":[0,0,0.667],"y":[1,1,1]},"o":{"x":[0.333,0.333,0.333],"y":[0,0,0]},"t":0,"s":[0,0,100]},{"i":{"x":[0,0,0.667],"y":[1,1,1]},"o":{"x":[0.167,0.167,0.167],"y":[0,0,0]},"t":31,"s":[406.308,406.308,100]},{"i":{"x":[0.833,0.833,0.833],"y":[0.833,0.833,1]},"o":{"x":[1,1,0.167],"y":[0,0,0]},"t":315,"s":[406.308,406.308,100]},{"t":329.000013400445,"s":[0,0,100]}],"ix":6,"l":2}},"ao":0,"shapes":[{"ind":0,"ty":"sh","ix":1,"ks":{"a":0,"k":{"i":[[-7.355,0],[-0.178,0.002],[-0.179,0],[-6.553,2.334],[12.563,14.548],[0.001,-0.001],[0,0.001],[0.993,-20.525]],"o":[[0.179,0],[0.179,0.002],[7.355,0],[-0.993,-20.525],[-0.001,0.001],[0,-0.001],[-12.563,14.548],[6.553,2.334]],"v":[[-0.555,54.043],[-0.021,54.033],[0.514,54.043],[21.475,50.428],[-0.019,-3.33],[-0.021,-3.328],[-0.022,-3.33],[-21.516,50.428]],"c":true},"ix":2},"nm":"Path 4","mn":"ADBE Vector Shape - Group","hd":false},{"ty":"fl","c":{"a":0,"k":[0.078431375325,0.600000023842,0.572549045086,1],"ix":4},"o":{"a":0,"k":100,"ix":5},"r":1,"bm":0,"nm":"Fill 1","mn":"ADBE Vector Graphic - Fill","hd":false}],"ip":0,"op":330.000013441176,"st":0,"bm":0},{"ddd":0,"ind":2,"ty":4,"nm":"Shape Layer 8","parent":4,"sr":1,"ks":{"o":{"a":1,"k":[{"i":{"x":[0],"y":[1]},"o":{"x":[0.333],"y":[0]},"t":0,"s":[0]},{"i":{"x":[0],"y":[1]},"o":{"x":[0.167],"y":[0]},"t":31,"s":[100]},{"i":{"x":[0.833],"y":[0.833]},"o":{"x":[1],"y":[0]},"t":315,"s":[100]},{"t":329.000013400445,"s":[0]}],"ix":11},"r":{"a":1,"k":[{"i":{"x":[0],"y":[1]},"o":{"x":[0.333],"y":[0]},"t":0,"s":[-100]},{"i":{"x":[0],"y":[1]},"o":{"x":[0.167],"y":[0]},"t":31,"s":[0]},{"i":{"x":[0.833],"y":[0.833]},"o":{"x":[1],"y":[0]},"t":315,"s":[0]},{"t":329.000013400445,"s":[-100]}],"ix":10},"p":{"a":1,"k":[{"i":{"x":0,"y":1},"o":{"x":0.333,"y":0},"t":0,"s":[200,730,0],"to":[33.333,-55,0],"ti":[-33.333,55,0]},{"i":{"x":0,"y":0},"o":{"x":0.167,"y":0.167},"t":31,"s":[400,400,0],"to":[0,0,0],"ti":[0,0,0]},{"i":{"x":0.833,"y":0.833},"o":{"x":1,"y":0},"t":315,"s":[400,400,0],"to":[0,55,0],"ti":[0,-55,0]},{"t":329.000013400445,"s":[400,730,0]}],"ix":2,"l":2},"a":{"a":0,"k":[0,0,0],"ix":1,"l":2},"s":{"a":1,"k":[{"i":{"x":[0,0,0.667],"y":[1,1,1]},"o":{"x":[0.333,0.333,0.333],"y":[0,0,0]},"t":0,"s":[0,0,100]},{"i":{"x":[0,0,0.667],"y":[1,1,1]},"o":{"x":[0.167,0.167,0.167],"y":[0,0,0]},"t":31,"s":[406.308,406.308,100]},{"i":{"x":[0.833,0.833,0.833],"y":[0.833,0.833,1]},"o":{"x":[1,1,0.167],"y":[0,0,0]},"t":315,"s":[406.308,406.308,100]},{"t":329.000013400445,"s":[0,0,100]}],"ix":6,"l":2}},"ao":0,"shapes":[{"ind":0,"ty":"sh","ix":1,"ks":{"a":0,"k":{"i":[[0,-35.771],[0.673,-3.744],[5.665,0],[0,34.502],[-1.135,4.711],[-4.57,0]],"o":[[0,3.938],[-5.218,1.413],[-34.502,0],[0,-5.059],[4.303,-0.9],[35.771,0]],"v":[[16.891,40.29],[15.81,51.809],[-0.534,54.043],[-63.006,-8.429],[-61.204,-23.093],[-47.877,-24.479]],"c":true},"ix":2},"nm":"Path 5","mn":"ADBE Vector Shape - Group","hd":false},{"ty":"gf","o":{"a":0,"k":100,"ix":10},"r":1,"bm":0,"g":{"p":3,"k":{"a":0,"k":[0,0.106,0.839,0.812,0.5,0.082,0.855,0.782,1,0.059,0.871,0.753],"ix":9}},"s":{"a":0,"k":[0,0],"ix":5},"e":{"a":0,"k":[100,0],"ix":6},"t":1,"nm":"Gradient Fill 4","mn":"ADBE Vector Graphic - G-Fill","hd":false}],"ip":0,"op":330.000013441176,"st":0,"bm":0},{"ddd":0,"ind":3,"ty":4,"nm":"Shape Layer 4","parent":4,"sr":1,"ks":{"o":{"a":1,"k":[{"i":{"x":[0],"y":[1]},"o":{"x":[0.333],"y":[0]},"t":0,"s":[0]},{"i":{"x":[0],"y":[1]},"o":{"x":[0.167],"y":[0]},"t":31,"s":[100]},{"i":{"x":[0.833],"y":[0.833]},"o":{"x":[1],"y":[0]},"t":315,"s":[100]},{"t":329.000013400445,"s":[0]}],"ix":11},"r":{"a":1,"k":[{"i":{"x":[0],"y":[1]},"o":{"x":[0.333],"y":[0]},"t":0,"s":[100]},{"i":{"x":[0],"y":[1]},"o":{"x":[0.167],"y":[0]},"t":31,"s":[0]},{"i":{"x":[0.833],"y":[0.833]},"o":{"x":[1],"y":[0]},"t":315,"s":[0]},{"t":329.000013400445,"s":[100]}],"ix":10},"p":{"a":1,"k":[{"i":{"x":0,"y":1},"o":{"x":0.333,"y":0},"t":0,"s":[600,730,0],"to":[-33.333,-55,0],"ti":[33.333,55,0]},{"i":{"x":0,"y":0},"o":{"x":0.167,"y":0.167},"t":31,"s":[400,400,0],"to":[0,0,0],"ti":[0,0,0]},{"i":{"x":0.833,"y":0.833},"o":{"x":1,"y":0},"t":315,"s":[400,400,0],"to":[0,55,0],"ti":[0,-55,0]},{"t":329.000013400445,"s":[400,730,0]}],"ix":2,"l":2},"a":{"a":0,"k":[0,0,0],"ix":1,"l":2},"s":{"a":1,"k":[{"i":{"x":[0,0,0.667],"y":[1,1,1]},"o":{"x":[0.333,0.333,0.333],"y":[0,0,0]},"t":0,"s":[0,0,100]},{"i":{"x":[0,0,0.667],"y":[1,1,1]},"o":{"x":[0.167,0.167,0.167],"y":[0,0,0]},"t":31,"s":[406.308,406.308,100]},{"i":{"x":[0.833,0.833,0.833],"y":[0.833,0.833,1]},"o":{"x":[1,1,0.167],"y":[0,0,0]},"t":315,"s":[406.308,406.308,100]},{"t":329.000013400445,"s":[0,0,100]}],"ix":6,"l":2}},"ao":0,"shapes":[{"ind":0,"ty":"sh","ix":1,"ks":{"a":0,"k":{"i":[[0,-35.771],[-0.673,-3.744],[-5.665,0],[0,34.502],[1.135,4.711],[4.57,0]],"o":[[0,3.938],[5.218,1.413],[34.502,0],[0,-5.059],[-4.303,-0.9],[-35.771,0]],"v":[[-16.891,40.29],[-15.81,51.809],[0.534,54.043],[63.006,-8.429],[61.204,-23.093],[47.877,-24.479]],"c":true},"ix":2},"nm":"Path 1","mn":"ADBE Vector Shape - Group","hd":false},{"ty":"gf","o":{"a":0,"k":100,"ix":10},"r":1,"bm":0,"g":{"p":3,"k":{"a":0,"k":[0,0.055,0.871,0.749,0.5,0.031,0.884,0.722,1,0.008,0.898,0.694],"ix":9}},"s":{"a":0,"k":[0,0],"ix":5},"e":{"a":0,"k":[100,0],"ix":6},"t":1,"nm":"Gradient Fill 1","mn":"ADBE Vector Graphic - G-Fill","hd":false}],"ip":0,"op":330.000013441176,"st":0,"bm":0},{"ddd":0,"ind":4,"ty":3,"nm":"Black Solid 1","sr":1,"ks":{"o":{"a":0,"k":100,"ix":11},"r":{"a":0,"k":0,"ix":10},"p":{"a":0,"k":[400,400,0],"ix":2,"l":2},"a":{"a":0,"k":[400,400,0],"ix":1,"l":2},"s":{"a":0,"k":[100,100,100],"ix":6,"l":2}},"ao":0,"ip":0,"op":330.000013441176,"st":0,"bm":0},{"ddd":0,"ind":5,"ty":4,"nm":"Shape Layer 7","parent":6,"sr":1,"ks":{"o":{"a":0,"k":10,"ix":11},"r":{"a":0,"k":0,"ix":10},"p":{"a":1,"k":[{"i":{"x":0,"y":1},"o":{"x":0.167,"y":0.167},"t":31,"s":[400,440,0],"to":[0,-6.667,0],"ti":[0,6.667,0]},{"i":{"x":0,"y":0},"o":{"x":0.167,"y":0.167},"t":41,"s":[400,400,0],"to":[0,0,0],"ti":[0,0,0]},{"i":{"x":0,"y":1},"o":{"x":0.167,"y":0},"t":46,"s":[400,400,0],"to":[0,-23.333,0],"ti":[0,23.333,0]},{"i":{"x":0,"y":0},"o":{"x":0.167,"y":0.167},"t":56,"s":[400,260,0],"to":[0,0,0],"ti":[0,0,0]},{"i":{"x":0.833,"y":0.833},"o":{"x":1,"y":0},"t":296,"s":[400,260,0],"to":[0,30,0],"ti":[0,-30,0]},{"t":316.000012870944,"s":[400,440,0]}],"ix":2,"l":2},"a":{"a":0,"k":[0,0,0],"ix":1,"l":2},"s":{"a":1,"k":[{"i":{"x":[0,0,0.667],"y":[1,1,1]},"o":{"x":[0.167,0.167,0.167],"y":[0.167,0.167,0]},"t":31,"s":[0,0,100]},{"i":{"x":[0,0,0.667],"y":[1,1,1]},"o":{"x":[0.167,0.167,0.167],"y":[0,0,0]},"t":46,"s":[406.308,406.308,100]},{"i":{"x":[0.833,0.833,0.833],"y":[0.833,0.833,1]},"o":{"x":[1,1,0.333],"y":[0,0,0]},"t":296,"s":[406.308,406.308,100]},{"t":316.000012870944,"s":[0,0,100]}],"ix":6,"l":2}},"ao":0,"shapes":[{"ind":0,"ty":"sh","ix":1,"ks":{"a":0,"k":{"i":[[4.256,-1.964],[0,-1.15],[-0.109,-1.112],[-8.966,0],[-4.256,1.964],[0,1.15],[0.108,1.112],[8.966,0]],"o":[[-0.109,1.112],[0,1.15],[4.256,1.964],[8.966,0],[0.108,-1.112],[0,-1.15],[-4.256,-1.964],[-8.966,0]],"v":[[-20.726,-50.274],[-20.909,-46.887],[-20.726,-43.499],[0.312,-40.215],[21.351,-43.499],[21.534,-46.887],[21.351,-50.274],[0.312,-53.559]],"c":true},"ix":2},"nm":"Path 3","mn":"ADBE Vector Shape - Group","hd":false},{"ty":"gf","o":{"a":0,"k":100,"ix":10},"r":1,"bm":0,"g":{"p":3,"k":{"a":0,"k":[0,0.11,0.839,0.816,0.5,0.11,0.839,0.816,1,0.11,0.839,0.816],"ix":9}},"s":{"a":0,"k":[0,0],"ix":5},"e":{"a":0,"k":[100,0],"ix":6},"t":1,"nm":"Gradient Fill 2","mn":"ADBE Vector Graphic - G-Fill","hd":false}],"ip":31.0000012626559,"op":330.000013441176,"st":31.0000012626559,"bm":0},{"ddd":0,"ind":6,"ty":3,"nm":"Black Solid 1","sr":1,"ks":{"o":{"a":0,"k":100,"ix":11},"r":{"a":1,"k":[{"i":{"x":[0],"y":[1]},"o":{"x":[0.333],"y":[0]},"t":62,"s":[0]},{"i":{"x":[0],"y":[1]},"o":{"x":[0.167],"y":[0]},"t":102,"s":[360]},{"i":{"x":[0],"y":[1]},"o":{"x":[0.167],"y":[0]},"t":142,"s":[720]},{"i":{"x":[0],"y":[1]},"o":{"x":[0.167],"y":[0]},"t":182,"s":[1080]},{"i":{"x":[0],"y":[1]},"o":{"x":[0.167],"y":[0]},"t":222,"s":[1440]},{"i":{"x":[0],"y":[1]},"o":{"x":[0.167],"y":[0]},"t":262,"s":[1800]},{"t":302.000012300712,"s":[2160]}],"ix":10},"p":{"a":0,"k":[400,400,0],"ix":2,"l":2},"a":{"a":0,"k":[400,400,0],"ix":1,"l":2},"s":{"a":0,"k":[100,100,100],"ix":6,"l":2}},"ao":0,"ip":31.0000012626559,"op":330.000013441176,"st":31.0000012626559,"bm":0},{"ddd":0,"ind":7,"ty":4,"nm":"Shape Layer 6","parent":8,"sr":1,"ks":{"o":{"a":0,"k":25,"ix":11},"r":{"a":0,"k":0,"ix":10},"p":{"a":1,"k":[{"i":{"x":0,"y":1},"o":{"x":0.167,"y":0.167},"t":31,"s":[400,440,0],"to":[0,-6.667,0],"ti":[0,6.667,0]},{"i":{"x":0,"y":0},"o":{"x":0.167,"y":0.167},"t":41,"s":[400,400,0],"to":[0,0,0],"ti":[0,0,0]},{"i":{"x":0,"y":1},"o":{"x":0.167,"y":0},"t":46,"s":[400,400,0],"to":[0,-23.333,0],"ti":[0,23.333,0]},{"i":{"x":0,"y":0},"o":{"x":0.167,"y":0.167},"t":56,"s":[400,260,0],"to":[0,0,0],"ti":[0,0,0]},{"i":{"x":0.833,"y":0.833},"o":{"x":1,"y":0},"t":296,"s":[400,260,0],"to":[0,30,0],"ti":[0,-30,0]},{"t":316.000012870944,"s":[400,440,0]}],"ix":2,"l":2},"a":{"a":0,"k":[0,0,0],"ix":1,"l":2},"s":{"a":1,"k":[{"i":{"x":[0,0,0.667],"y":[1,1,1]},"o":{"x":[0.167,0.167,0.167],"y":[0.167,0.167,0]},"t":31,"s":[0,0,100]},{"i":{"x":[0,0,0.667],"y":[1,1,1]},"o":{"x":[0.167,0.167,0.167],"y":[0,0,0]},"t":46,"s":[406.308,406.308,100]},{"i":{"x":[0.833,0.833,0.833],"y":[0.833,0.833,1]},"o":{"x":[1,1,0.333],"y":[0,0,0]},"t":296,"s":[406.308,406.308,100]},{"t":316.000012870944,"s":[0,0,100]}],"ix":6,"l":2}},"ao":0,"shapes":[{"ind":0,"ty":"sh","ix":1,"ks":{"a":0,"k":{"i":[[4.256,-1.964],[0,-1.15],[-0.109,-1.112],[-8.966,0],[-4.256,1.964],[0,1.15],[0.108,1.112],[8.966,0]],"o":[[-0.109,1.112],[0,1.15],[4.256,1.964],[8.966,0],[0.108,-1.112],[0,-1.15],[-4.256,-1.964],[-8.966,0]],"v":[[-20.726,-50.274],[-20.909,-46.887],[-20.726,-43.499],[0.312,-40.215],[21.351,-43.499],[21.534,-46.887],[21.351,-50.274],[0.312,-53.559]],"c":true},"ix":2},"nm":"Path 3","mn":"ADBE Vector Shape - Group","hd":false},{"ty":"gf","o":{"a":0,"k":100,"ix":10},"r":1,"bm":0,"g":{"p":3,"k":{"a":0,"k":[0,0.11,0.839,0.816,0.5,0.11,0.839,0.816,1,0.11,0.839,0.816],"ix":9}},"s":{"a":0,"k":[0,0],"ix":5},"e":{"a":0,"k":[100,0],"ix":6},"t":1,"nm":"Gradient Fill 2","mn":"ADBE Vector Graphic - G-Fill","hd":false}],"ip":31.0000012626559,"op":330.000013441176,"st":31.0000012626559,"bm":0},{"ddd":0,"ind":8,"ty":3,"nm":"Black Solid 1","sr":1,"ks":{"o":{"a":0,"k":100,"ix":11},"r":{"a":1,"k":[{"i":{"x":[0],"y":[1]},"o":{"x":[0.333],"y":[0]},"t":60,"s":[0]},{"i":{"x":[0],"y":[1]},"o":{"x":[0.167],"y":[0]},"t":100,"s":[360]},{"i":{"x":[0],"y":[1]},"o":{"x":[0.167],"y":[0]},"t":140,"s":[720]},{"i":{"x":[0],"y":[1]},"o":{"x":[0.167],"y":[0]},"t":180,"s":[1080]},{"i":{"x":[0],"y":[1]},"o":{"x":[0.167],"y":[0]},"t":220,"s":[1440]},{"i":{"x":[0],"y":[1]},"o":{"x":[0.167],"y":[0]},"t":260,"s":[1800]},{"t":300.00001221925,"s":[2160]}],"ix":10},"p":{"a":0,"k":[400,400,0],"ix":2,"l":2},"a":{"a":0,"k":[400,400,0],"ix":1,"l":2},"s":{"a":0,"k":[100,100,100],"ix":6,"l":2}},"ao":0,"ip":31.0000012626559,"op":330.000013441176,"st":31.0000012626559,"bm":0},{"ddd":0,"ind":9,"ty":4,"nm":"Shape Layer 5","parent":10,"sr":1,"ks":{"o":{"a":0,"k":50,"ix":11},"r":{"a":0,"k":0,"ix":10},"p":{"a":1,"k":[{"i":{"x":0,"y":1},"o":{"x":0.167,"y":0.167},"t":31,"s":[400,440,0],"to":[0,-6.667,0],"ti":[0,6.667,0]},{"i":{"x":0,"y":0},"o":{"x":0.167,"y":0.167},"t":41,"s":[400,400,0],"to":[0,0,0],"ti":[0,0,0]},{"i":{"x":0,"y":1},"o":{"x":0.167,"y":0},"t":46,"s":[400,400,0],"to":[0,-23.333,0],"ti":[0,23.333,0]},{"i":{"x":0,"y":0},"o":{"x":0.167,"y":0.167},"t":56,"s":[400,260,0],"to":[0,0,0],"ti":[0,0,0]},{"i":{"x":0.833,"y":0.833},"o":{"x":1,"y":0},"t":296,"s":[400,260,0],"to":[0,30,0],"ti":[0,-30,0]},{"t":316.000012870944,"s":[400,440,0]}],"ix":2,"l":2},"a":{"a":0,"k":[0,0,0],"ix":1,"l":2},"s":{"a":1,"k":[{"i":{"x":[0,0,0.667],"y":[1,1,1]},"o":{"x":[0.167,0.167,0.167],"y":[0.167,0.167,0]},"t":31,"s":[0,0,100]},{"i":{"x":[0,0,0.667],"y":[1,1,1]},"o":{"x":[0.167,0.167,0.167],"y":[0,0,0]},"t":46,"s":[406.308,406.308,100]},{"i":{"x":[0.833,0.833,0.833],"y":[0.833,0.833,1]},"o":{"x":[1,1,0.333],"y":[0,0,0]},"t":296,"s":[406.308,406.308,100]},{"t":316.000012870944,"s":[0,0,100]}],"ix":6,"l":2}},"ao":0,"shapes":[{"ind":0,"ty":"sh","ix":1,"ks":{"a":0,"k":{"i":[[4.256,-1.964],[0,-1.15],[-0.109,-1.112],[-8.966,0],[-4.256,1.964],[0,1.15],[0.108,1.112],[8.966,0]],"o":[[-0.109,1.112],[0,1.15],[4.256,1.964],[8.966,0],[0.108,-1.112],[0,-1.15],[-4.256,-1.964],[-8.966,0]],"v":[[-20.726,-50.274],[-20.909,-46.887],[-20.726,-43.499],[0.312,-40.215],[21.351,-43.499],[21.534,-46.887],[21.351,-50.274],[0.312,-53.559]],"c":true},"ix":2},"nm":"Path 3","mn":"ADBE Vector Shape - Group","hd":false},{"ty":"gf","o":{"a":0,"k":100,"ix":10},"r":1,"bm":0,"g":{"p":3,"k":{"a":0,"k":[0,0.11,0.839,0.816,0.5,0.11,0.839,0.816,1,0.11,0.839,0.816],"ix":9}},"s":{"a":0,"k":[0,0],"ix":5},"e":{"a":0,"k":[100,0],"ix":6},"t":1,"nm":"Gradient Fill 2","mn":"ADBE Vector Graphic - G-Fill","hd":false}],"ip":31.0000012626559,"op":330.000013441176,"st":31.0000012626559,"bm":0},{"ddd":0,"ind":10,"ty":3,"nm":"Black Solid 1","sr":1,"ks":{"o":{"a":0,"k":100,"ix":11},"r":{"a":1,"k":[{"i":{"x":[0],"y":[1]},"o":{"x":[0.333],"y":[0]},"t":58,"s":[0]},{"i":{"x":[0],"y":[1]},"o":{"x":[0.167],"y":[0]},"t":98,"s":[360]},{"i":{"x":[0],"y":[1]},"o":{"x":[0.167],"y":[0]},"t":138,"s":[720]},{"i":{"x":[0],"y":[1]},"o":{"x":[0.167],"y":[0]},"t":178,"s":[1080]},{"i":{"x":[0],"y":[1]},"o":{"x":[0.167],"y":[0]},"t":218,"s":[1440]},{"i":{"x":[0],"y":[1]},"o":{"x":[0.167],"y":[0]},"t":258,"s":[1800]},{"t":298.000012137789,"s":[2160]}],"ix":10},"p":{"a":0,"k":[400,400,0],"ix":2,"l":2},"a":{"a":0,"k":[400,400,0],"ix":1,"l":2},"s":{"a":0,"k":[100,100,100],"ix":6,"l":2}},"ao":0,"ip":31.0000012626559,"op":330.000013441176,"st":31.0000012626559,"bm":0},{"ddd":0,"ind":11,"ty":4,"nm":"Shape Layer 1","parent":12,"sr":1,"ks":{"o":{"a":0,"k":100,"ix":11},"r":{"a":0,"k":0,"ix":10},"p":{"a":1,"k":[{"i":{"x":0,"y":1},"o":{"x":0.167,"y":0.167},"t":31,"s":[400,440,0],"to":[0,-6.667,0],"ti":[0,6.667,0]},{"i":{"x":0,"y":0},"o":{"x":0.167,"y":0.167},"t":41,"s":[400,400,0],"to":[0,0,0],"ti":[0,0,0]},{"i":{"x":0,"y":1},"o":{"x":0.167,"y":0},"t":46,"s":[400,400,0],"to":[0,-23.333,0],"ti":[0,23.333,0]},{"i":{"x":0,"y":0},"o":{"x":0.167,"y":0.167},"t":56,"s":[400,260,0],"to":[0,0,0],"ti":[0,0,0]},{"i":{"x":0.833,"y":0.833},"o":{"x":1,"y":0},"t":296,"s":[400,260,0],"to":[0,30,0],"ti":[0,-30,0]},{"t":316.000012870944,"s":[400,440,0]}],"ix":2,"l":2},"a":{"a":0,"k":[0,0,0],"ix":1,"l":2},"s":{"a":1,"k":[{"i":{"x":[0,0,0.667],"y":[1,1,1]},"o":{"x":[0.167,0.167,0.167],"y":[0.167,0.167,0]},"t":31,"s":[0,0,100]},{"i":{"x":[0,0,0.667],"y":[1,1,1]},"o":{"x":[0.167,0.167,0.167],"y":[0,0,0]},"t":46,"s":[406.308,406.308,100]},{"i":{"x":[0.833,0.833,0.833],"y":[0.833,0.833,1]},"o":{"x":[1,1,0.333],"y":[0,0,0]},"t":296,"s":[406.308,406.308,100]},{"t":316.000012870944,"s":[0,0,100]}],"ix":6,"l":2}},"ao":0,"shapes":[{"ind":0,"ty":"sh","ix":1,"ks":{"a":0,"k":{"i":[[4.256,-1.964],[0,-1.15],[-0.109,-1.112],[-8.966,0],[-4.256,1.964],[0,1.15],[0.108,1.112],[8.966,0]],"o":[[-0.109,1.112],[0,1.15],[4.256,1.964],[8.966,0],[0.108,-1.112],[0,-1.15],[-4.256,-1.964],[-8.966,0]],"v":[[-20.726,-50.274],[-20.909,-46.887],[-20.726,-43.499],[0.312,-40.215],[21.351,-43.499],[21.534,-46.887],[21.351,-50.274],[0.312,-53.559]],"c":true},"ix":2},"nm":"Path 3","mn":"ADBE Vector Shape - Group","hd":false},{"ty":"gf","o":{"a":0,"k":100,"ix":10},"r":1,"bm":0,"g":{"p":3,"k":{"a":0,"k":[0,0.11,0.839,0.816,0.5,0.11,0.839,0.816,1,0.11,0.839,0.816],"ix":9}},"s":{"a":0,"k":[0,0],"ix":5},"e":{"a":0,"k":[100,0],"ix":6},"t":1,"nm":"Gradient Fill 2","mn":"ADBE Vector Graphic - G-Fill","hd":false}],"ip":31.0000012626559,"op":330.000013441176,"st":31.0000012626559,"bm":0},{"ddd":0,"ind":12,"ty":3,"nm":"Black Solid 1","sr":1,"ks":{"o":{"a":0,"k":100,"ix":11},"r":{"a":1,"k":[{"i":{"x":[0],"y":[1]},"o":{"x":[0.333],"y":[0]},"t":56,"s":[0]},{"i":{"x":[0],"y":[1]},"o":{"x":[0.167],"y":[0]},"t":96,"s":[360]},{"i":{"x":[0],"y":[1]},"o":{"x":[0.167],"y":[0]},"t":136,"s":[720]},{"i":{"x":[0],"y":[1]},"o":{"x":[0.167],"y":[0]},"t":176,"s":[1080]},{"i":{"x":[0],"y":[1]},"o":{"x":[0.167],"y":[0]},"t":216,"s":[1440]},{"i":{"x":[0],"y":[1]},"o":{"x":[0.167],"y":[0]},"t":256,"s":[1800]},{"t":296.000012056327,"s":[2160]}],"ix":10},"p":{"a":0,"k":[400,400,0],"ix":2,"l":2},"a":{"a":0,"k":[400,400,0],"ix":1,"l":2},"s":{"a":0,"k":[100,100,100],"ix":6,"l":2}},"ao":0,"ip":31.0000012626559,"op":330.000013441176,"st":31.0000012626559,"bm":0}],"markers":[]}